transaction_id,account_id,transaction_date,transaction_type,amount,description
1,71,2018-01-11,Transfer,9779.33,Transaction_1
2,81,2020-04-13,Transfer,9350.97,Transaction_2
3,244,2020-09-04,Transfer,2002.57,Transaction_3
4,148,2019-10-20,Withdrawal,6462.52,Transaction_4
5,46,2021-08-28,Transfer,2329.88,Transaction_5
6,20,2023-02-14,Deposit,4184.67,Transaction_6
7,91,2023-03-28,Deposit,9971.75,Transaction_7
8,204,2022-06-02,Withdrawal,1871.25,Transaction_8
9,149,2022-12-01,Deposit,102.58,Transaction_9
10,291,2021-05-19,Deposit,9285.26,Transaction_10
11,172,2019-08-06,Withdrawal,9891.1,Transaction_11
12,279,2020-12-09,Withdrawal,8893.71,Transaction_12
13,69,2022-10-09,Transfer,4685.53,Transaction_13
14,99,2022-07-15,Deposit,3313.53,Transaction_14
15,235,2021-08-20,Withdrawal,7188.8,Transaction_15
16,8,2022-02-17,Withdrawal,7909.77,Transaction_16
17,291,2021-10-13,Deposit,1763.19,Transaction_17
18,208,2022-08-21,Withdrawal,5157.65,Transaction_18
19,45,2020-03-31,Transfer,962.9,Transaction_19
20,72,2020-09-04,Withdrawal,9358.9,Transaction_20
21,4,2019-06-19,Withdrawal,2362.86,Transaction_21
22,137,2023-05-08,Withdrawal,3026.44,Transaction_22
23,294,2018-01-24,Withdrawal,6540.3,Transaction_23
24,121,2018-05-08,Transfer,1191.07,Transaction_24
25,158,2018-11-24,Withdrawal,6863.88,Transaction_25
26,160,2021-11-14,Deposit,6390.73,Transaction_26
27,152,2020-01-23,Transfer,2216.28,Transaction_27
28,69,2020-09-06,Deposit,4555.24,Transaction_28
29,192,2020-05-01,Transfer,5496.85,Transaction_29
30,242,2022-04-01,Transfer,8021.93,Transaction_30
31,112,2022-04-10,Deposit,6806.62,Transaction_31
32,42,2020-12-12,Withdrawal,5286.45,Transaction_32
33,186,2018-06-09,Transfer,1130.97,Transaction_33
34,281,2023-01-24,Transfer,2029.55,Transaction_34
35,275,2018-11-03,Deposit,3287.9,Transaction_35
36,267,2020-06-23,Deposit,6806.15,Transaction_36
37,299,2020-09-28,Deposit,8989.9,Transaction_37
38,229,2022-07-15,Deposit,4539.79,Transaction_38
39,263,2020-04-30,Withdrawal,5643.47,Transaction_39
40,287,2020-08-04,Transfer,8071.08,Transaction_40
41,12,2020-03-21,Withdrawal,8166.37,Transaction_41
42,112,2021-03-30,Deposit,462.45,Transaction_42
43,177,2021-12-05,Deposit,5416.22,Transaction_43
44,31,2023-03-30,Deposit,9861.51,Transaction_44
45,242,2018-03-06,Withdrawal,4094.58,Transaction_45
46,70,2022-04-18,Transfer,9783.55,Transaction_46
47,216,2020-02-06,Withdrawal,4490.89,Transaction_47
48,194,2020-02-09,Deposit,6830.48,Transaction_48
49,277,2018-09-30,Transfer,8604.26,Transaction_49
50,61,2019-01-01,Transfer,3936.66,Transaction_50
51,66,2022-01-30,Deposit,8349.87,Transaction_51
52,12,2019-09-04,Withdrawal,6738.26,Transaction_52
53,279,2020-05-18,Transfer,3798.97,Transaction_53
54,118,2019-05-22,Withdrawal,3468.14,Transaction_54
55,142,2019-01-22,Transfer,7657.24,Transaction_55
56,17,2022-07-16,Transfer,4198.21,Transaction_56
57,9,2019-05-08,Deposit,682.24,Transaction_57
58,18,2020-07-03,Transfer,6723.52,Transaction_58
59,25,2019-05-17,Transfer,451.92,Transaction_59
60,225,2019-04-25,Transfer,2180.52,Transaction_60
61,29,2018-10-14,Transfer,9934.9,Transaction_61
62,120,2022-07-29,Transfer,5765.34,Transaction_62
63,296,2021-05-09,Transfer,8185.64,Transaction_63
64,122,2019-09-11,Deposit,9857.1,Transaction_64
65,267,2019-03-29,Withdrawal,3012.0,Transaction_65
66,32,2021-02-14,Transfer,8798.34,Transaction_66
67,90,2021-07-06,Transfer,4277.73,Transaction_67
68,254,2018-04-07,Withdrawal,9416.45,Transaction_68
69,196,2022-05-29,Transfer,3194.16,Transaction_69
70,214,2020-04-16,Deposit,3005.89,Transaction_70
71,95,2022-03-26,Transfer,4740.45,Transaction_71
72,116,2019-09-08,Transfer,1452.07,Transaction_72
73,238,2023-02-17,Deposit,5628.24,Transaction_73
74,214,2021-02-15,Transfer,1349.59,Transaction_74
75,125,2019-06-07,Deposit,3309.33,Transaction_75
76,41,2023-03-04,Withdrawal,8472.86,Transaction_76
77,48,2021-01-01,Transfer,8295.77,Transaction_77
78,27,2019-07-04,Withdrawal,6739.98,Transaction_78
79,21,2022-11-25,Deposit,1889.75,Transaction_79
80,287,2019-03-21,Withdrawal,2096.8,Transaction_80
81,171,2019-09-13,Deposit,2125.96,Transaction_81
82,98,2023-05-25,Transfer,1181.99,Transaction_82
83,246,2023-02-16,Deposit,6959.31,Transaction_83
84,105,2020-03-23,Deposit,5525.27,Transaction_84
85,145,2020-02-19,Withdrawal,5341.16,Transaction_85
86,184,2019-09-24,Withdrawal,3602.85,Transaction_86
87,255,2020-08-12,Deposit,8030.14,Transaction_87
88,241,2022-04-09,Withdrawal,9144.16,Transaction_88
89,190,2019-10-03,Withdrawal,466.7,Transaction_89
90,114,2022-02-27,Deposit,172.04,Transaction_90
91,284,2023-03-30,Transfer,5795.64,Transaction_91
92,214,2019-08-28,Deposit,1969.96,Transaction_92
93,118,2020-02-17,Transfer,8335.29,Transaction_93
94,256,2021-02-01,Transfer,9435.21,Transaction_94
95,173,2019-06-12,Withdrawal,9665.42,Transaction_95
96,252,2020-08-01,Deposit,7330.39,Transaction_96
97,181,2018-12-13,Deposit,7205.93,Transaction_97
98,251,2019-01-12,Transfer,9903.33,Transaction_98
99,31,2020-12-09,Deposit,8392.29,Transaction_99
100,39,2023-04-20,Transfer,494.66,Transaction_100
101,4,2020-04-24,Deposit,8427.02,Transaction_101
102,119,2018-05-20,Transfer,1518.79,Transaction_102
103,112,2020-11-01,Withdrawal,3738.27,Transaction_103
104,248,2021-09-12,Withdrawal,167.16,Transaction_104
105,273,2021-02-03,Withdrawal,128.39,Transaction_105
106,272,2022-01-19,Withdrawal,5362.02,Transaction_106
107,147,2018-02-05,Transfer,8133.44,Transaction_107
108,221,2022-07-10,Deposit,1079.09,Transaction_108
109,50,2020-12-09,Deposit,2417.28,Transaction_109
110,270,2019-06-01,Withdrawal,2680.57,Transaction_110
111,204,2018-06-11,Withdrawal,9593.38,Transaction_111
112,236,2021-03-03,Deposit,9902.43,Transaction_112
113,116,2019-09-07,Transfer,8282.34,Transaction_113
114,42,2021-08-31,Transfer,7598.26,Transaction_114
115,48,2020-04-10,Withdrawal,3777.92,Transaction_115
116,244,2018-04-25,Transfer,104.41,Transaction_116
117,88,2018-06-19,Withdrawal,8454.84,Transaction_117
118,170,2021-03-04,Deposit,8948.96,Transaction_118
119,22,2019-04-16,Deposit,9013.72,Transaction_119
120,291,2020-08-31,Withdrawal,475.15,Transaction_120
121,39,2021-11-02,Withdrawal,8994.12,Transaction_121
122,289,2021-09-09,Deposit,1801.75,Transaction_122
123,162,2018-02-02,Deposit,5874.49,Transaction_123
124,204,2023-03-18,Deposit,2999.78,Transaction_124
125,289,2019-05-08,Transfer,8348.16,Transaction_125
126,200,2021-10-18,Transfer,3323.98,Transaction_126
127,72,2022-06-07,Transfer,7244.39,Transaction_127
128,257,2022-03-07,Withdrawal,546.43,Transaction_128
129,224,2019-04-21,Deposit,3412.52,Transaction_129
130,204,2023-06-08,Withdrawal,305.96,Transaction_130
131,140,2022-05-24,Withdrawal,4911.13,Transaction_131
132,183,2021-02-06,Withdrawal,4324.16,Transaction_132
133,300,2021-09-15,Withdrawal,866.08,Transaction_133
134,152,2022-06-23,Deposit,7133.95,Transaction_134
135,43,2019-07-03,Deposit,3806.2,Transaction_135
136,79,2022-02-23,Withdrawal,3173.62,Transaction_136
137,55,2018-07-07,Deposit,9430.17,Transaction_137
138,228,2020-01-08,Withdrawal,1031.29,Transaction_138
139,45,2019-01-19,Withdrawal,4493.95,Transaction_139
140,285,2020-11-15,Withdrawal,1041.9,Transaction_140
141,46,2019-12-26,Transfer,939.71,Transaction_141
142,167,2022-11-04,Withdrawal,133.28,Transaction_142
143,212,2020-03-05,Deposit,7251.19,Transaction_143
144,287,2023-01-28,Deposit,5723.88,Transaction_144
145,87,2021-11-04,Withdrawal,1703.32,Transaction_145
146,138,2019-09-09,Withdrawal,4936.31,Transaction_146
147,33,2018-12-09,Withdrawal,2766.86,Transaction_147
148,154,2020-09-18,Deposit,3617.64,Transaction_148
149,127,2022-01-16,Transfer,4963.07,Transaction_149
150,101,2020-07-26,Deposit,1363.54,Transaction_150
151,4,2023-04-28,Withdrawal,3328.85,Transaction_151
152,195,2022-07-05,Withdrawal,4407.83,Transaction_152
153,221,2022-07-29,Transfer,9742.51,Transaction_153
154,70,2019-09-08,Withdrawal,6036.08,Transaction_154
155,103,2020-09-08,Withdrawal,1784.6,Transaction_155
156,204,2023-06-07,Withdrawal,2921.57,Transaction_156
157,252,2023-06-05,Transfer,7821.92,Transaction_157
158,167,2020-02-10,Withdrawal,8166.78,Transaction_158
159,202,2020-01-18,Deposit,9321.35,Transaction_159
160,103,2021-04-27,Transfer,1807.47,Transaction_160
161,282,2018-02-25,Transfer,4621.61,Transaction_161
162,108,2020-06-16,Withdrawal,8314.51,Transaction_162
163,36,2022-08-05,Withdrawal,6733.05,Transaction_163
164,72,2021-07-21,Withdrawal,2427.79,Transaction_164
165,79,2022-01-04,Withdrawal,7892.88,Transaction_165
166,38,2020-07-08,Transfer,4797.55,Transaction_166
167,206,2020-12-30,Transfer,9235.72,Transaction_167
168,215,2021-01-18,Deposit,7909.3,Transaction_168
169,185,2021-12-07,Transfer,5942.26,Transaction_169
170,44,2018-08-12,Deposit,6579.44,Transaction_170
171,182,2018-12-07,Transfer,6130.65,Transaction_171
172,289,2021-08-14,Transfer,6470.97,Transaction_172
173,170,2023-06-01,Withdrawal,1068.39,Transaction_173
174,51,2019-06-14,Deposit,5111.66,Transaction_174
175,266,2021-02-16,Transfer,6879.77,Transaction_175
176,114,2020-07-01,Withdrawal,3917.43,Transaction_176
177,257,2018-11-05,Withdrawal,9977.05,Transaction_177
178,248,2018-08-03,Withdrawal,4165.59,Transaction_178
179,44,2018-08-26,Transfer,1425.34,Transaction_179
180,160,2019-12-04,Withdrawal,7844.86,Transaction_180
181,267,2020-09-16,Withdrawal,4766.86,Transaction_181
182,225,2022-01-18,Transfer,4529.95,Transaction_182
183,35,2019-09-07,Deposit,8103.76,Transaction_183
184,59,2018-02-16,Withdrawal,6483.22,Transaction_184
185,85,2023-03-20,Transfer,2446.69,Transaction_185
186,90,2021-02-04,Deposit,3316.59,Transaction_186
187,219,2023-05-17,Withdrawal,2326.24,Transaction_187
188,208,2021-07-13,Deposit,1872.01,Transaction_188
189,222,2020-03-21,Deposit,7376.51,Transaction_189
190,102,2020-07-09,Transfer,4301.23,Transaction_190
191,3,2021-12-14,Deposit,2065.79,Transaction_191
192,33,2021-03-28,Deposit,7997.03,Transaction_192
193,275,2019-01-18,Withdrawal,3266.59,Transaction_193
194,235,2018-08-22,Withdrawal,6710.31,Transaction_194
195,251,2020-12-16,Transfer,3140.91,Transaction_195
196,199,2021-06-05,Withdrawal,5874.18,Transaction_196
197,179,2019-12-22,Withdrawal,6177.45,Transaction_197
198,153,2023-02-25,Transfer,5905.78,Transaction_198
199,69,2019-10-04,Deposit,2393.34,Transaction_199
200,60,2019-01-10,Withdrawal,6937.43,Transaction_200
201,262,2020-03-06,Withdrawal,5968.29,Transaction_201
202,295,2020-02-25,Withdrawal,1865.68,Transaction_202
203,276,2021-11-21,Transfer,9307.64,Transaction_203
204,89,2021-02-10,Deposit,4901.52,Transaction_204
205,72,2019-01-19,Withdrawal,8421.43,Transaction_205
206,28,2022-11-08,Withdrawal,9518.9,Transaction_206
207,249,2018-10-07,Deposit,8154.01,Transaction_207
208,288,2020-11-01,Transfer,4954.75,Transaction_208
209,252,2020-05-01,Transfer,8400.52,Transaction_209
210,251,2018-12-09,Deposit,5658.32,Transaction_210
211,113,2019-08-22,Deposit,2755.78,Transaction_211
212,276,2019-08-15,Deposit,7809.59,Transaction_212
213,290,2022-03-01,Withdrawal,5501.76,Transaction_213
214,58,2021-03-18,Deposit,2686.21,Transaction_214
215,279,2022-08-14,Withdrawal,5425.01,Transaction_215
216,22,2022-04-06,Transfer,4419.25,Transaction_216
217,112,2020-05-20,Deposit,7362.53,Transaction_217
218,127,2019-09-02,Deposit,4502.83,Transaction_218
219,179,2022-11-01,Deposit,4396.31,Transaction_219
220,61,2022-05-08,Deposit,2106.68,Transaction_220
221,180,2022-10-30,Transfer,6106.52,Transaction_221
222,220,2018-12-06,Transfer,1400.96,Transaction_222
223,106,2022-07-25,Deposit,8056.35,Transaction_223
224,292,2019-12-20,Transfer,2818.04,Transaction_224
225,276,2018-12-11,Withdrawal,9790.21,Transaction_225
226,150,2019-08-16,Transfer,2680.76,Transaction_226
227,264,2023-01-18,Transfer,8153.66,Transaction_227
228,70,2023-05-26,Withdrawal,9188.5,Transaction_228
229,142,2022-11-11,Transfer,1277.61,Transaction_229
230,68,2019-05-27,Deposit,7116.83,Transaction_230
231,127,2022-04-09,Transfer,3933.08,Transaction_231
232,73,2021-03-28,Transfer,2694.48,Transaction_232
233,213,2020-02-08,Withdrawal,764.41,Transaction_233
234,48,2020-04-05,Transfer,7500.53,Transaction_234
235,189,2020-07-20,Withdrawal,3279.62,Transaction_235
236,2,2022-11-15,Transfer,940.49,Transaction_236
237,235,2021-07-24,Transfer,6975.92,Transaction_237
238,33,2022-06-18,Transfer,3983.18,Transaction_238
239,220,2022-08-17,Deposit,4952.2,Transaction_239
240,166,2022-08-24,Withdrawal,3384.17,Transaction_240
241,296,2018-09-25,Transfer,8525.7,Transaction_241
242,176,2023-01-06,Transfer,7624.92,Transaction_242
243,24,2018-07-23,Transfer,7841.06,Transaction_243
244,236,2018-02-03,Deposit,9295.03,Transaction_244
245,81,2020-06-22,Withdrawal,16.75,Transaction_245
246,220,2019-02-19,Transfer,9094.98,Transaction_246
247,155,2018-11-22,Withdrawal,942.47,Transaction_247
248,185,2019-05-28,Deposit,3724.72,Transaction_248
249,85,2018-04-17,Withdrawal,6259.79,Transaction_249
250,120,2020-05-29,Transfer,921.08,Transaction_250
251,49,2018-01-03,Deposit,4773.3,Transaction_251
252,68,2021-04-30,Deposit,5199.25,Transaction_252
253,228,2018-01-20,Deposit,6959.02,Transaction_253
254,62,2022-10-28,Withdrawal,6943.37,Transaction_254
255,245,2018-05-26,Deposit,3836.87,Transaction_255
256,53,2018-07-31,Withdrawal,3681.94,Transaction_256
257,154,2018-10-08,Withdrawal,7736.87,Transaction_257
258,69,2021-08-06,Transfer,1437.1,Transaction_258
259,272,2021-02-27,Deposit,6107.09,Transaction_259
260,85,2020-06-20,Withdrawal,7227.1,Transaction_260
261,78,2023-02-27,Withdrawal,6164.6,Transaction_261
262,227,2022-10-28,Deposit,876.01,Transaction_262
263,52,2018-10-14,Deposit,5899.84,Transaction_263
264,197,2019-12-21,Withdrawal,3151.89,Transaction_264
265,72,2019-05-23,Withdrawal,6449.76,Transaction_265
266,128,2021-02-07,Transfer,6004.08,Transaction_266
267,146,2022-05-15,Transfer,277.98,Transaction_267
268,155,2019-02-25,Transfer,6073.2,Transaction_268
269,97,2022-03-12,Withdrawal,2962.47,Transaction_269
270,28,2022-05-25,Deposit,4953.93,Transaction_270
271,58,2019-05-09,Withdrawal,6384.44,Transaction_271
272,37,2020-12-17,Deposit,9868.96,Transaction_272
273,163,2018-09-28,Withdrawal,8609.53,Transaction_273
274,292,2020-05-11,Withdrawal,5468.1,Transaction_274
275,89,2022-04-12,Withdrawal,9544.99,Transaction_275
276,38,2018-02-04,Transfer,684.65,Transaction_276
277,135,2019-03-18,Deposit,9226.57,Transaction_277
278,204,2020-11-03,Withdrawal,6289.42,Transaction_278
279,257,2022-04-21,Withdrawal,4241.52,Transaction_279
280,206,2018-06-18,Transfer,5370.28,Transaction_280
281,79,2019-07-23,Deposit,3105.97,Transaction_281
282,262,2023-03-02,Deposit,9743.39,Transaction_282
283,80,2021-01-03,Withdrawal,3913.41,Transaction_283
284,34,2019-09-28,Transfer,4380.49,Transaction_284
285,123,2018-04-29,Deposit,871.27,Transaction_285
286,223,2018-08-26,Withdrawal,6126.84,Transaction_286
287,29,2019-09-26,Transfer,7419.52,Transaction_287
288,90,2018-09-02,Deposit,7081.93,Transaction_288
289,6,2018-12-02,Withdrawal,9530.63,Transaction_289
290,268,2020-11-25,Transfer,2599.88,Transaction_290
291,191,2018-09-17,Transfer,7813.43,Transaction_291
292,138,2022-02-10,Deposit,7716.59,Transaction_292
293,16,2019-11-18,Withdrawal,2727.09,Transaction_293
294,33,2019-06-23,Transfer,9750.76,Transaction_294
295,40,2020-10-13,Withdrawal,5112.71,Transaction_295
296,29,2020-10-20,Transfer,1677.15,Transaction_296
297,81,2019-06-07,Deposit,8943.74,Transaction_297
298,60,2019-04-13,Transfer,5093.16,Transaction_298
299,23,2022-10-25,Deposit,2453.07,Transaction_299
300,242,2020-01-16,Withdrawal,9203.06,Transaction_300
301,92,2023-03-23,Deposit,5533.12,Transaction_301
302,215,2019-04-05,Withdrawal,2490.15,Transaction_302
303,164,2019-07-10,Deposit,5719.64,Transaction_303
304,62,2020-10-25,Transfer,9020.39,Transaction_304
305,92,2019-04-03,Transfer,9814.32,Transaction_305
306,206,2018-05-22,Withdrawal,8661.66,Transaction_306
307,160,2019-11-02,Deposit,5535.38,Transaction_307
308,5,2020-01-26,Deposit,2923.03,Transaction_308
309,156,2022-02-23,Transfer,2433.41,Transaction_309
310,189,2021-04-26,Withdrawal,9977.89,Transaction_310
311,101,2022-02-09,Transfer,7607.22,Transaction_311
312,126,2018-11-05,Deposit,9324.65,Transaction_312
313,13,2019-04-23,Transfer,3470.77,Transaction_313
314,5,2023-05-02,Withdrawal,24.61,Transaction_314
315,193,2022-10-05,Transfer,7274.88,Transaction_315
316,54,2019-02-25,Transfer,9831.33,Transaction_316
317,215,2020-10-04,Deposit,9725.87,Transaction_317
318,73,2021-12-28,Withdrawal,939.34,Transaction_318
319,119,2023-01-12,Transfer,4136.44,Transaction_319
320,191,2020-07-27,Transfer,858.18,Transaction_320
321,49,2020-11-01,Deposit,6375.78,Transaction_321
322,202,2018-06-03,Transfer,5682.53,Transaction_322
323,223,2021-09-18,Deposit,2375.35,Transaction_323
324,134,2022-10-09,Withdrawal,9261.16,Transaction_324
325,202,2021-12-06,Transfer,3269.25,Transaction_325
326,232,2019-07-11,Deposit,756.13,Transaction_326
327,104,2018-10-06,Transfer,1098.64,Transaction_327
328,55,2018-12-03,Withdrawal,4665.89,Transaction_328
329,209,2018-09-05,Transfer,3589.29,Transaction_329
330,107,2020-07-14,Withdrawal,4638.83,Transaction_330
331,62,2018-07-05,Deposit,8077.89,Transaction_331
332,156,2022-08-20,Transfer,6971.81,Transaction_332
333,21,2019-03-17,Withdrawal,1491.75,Transaction_333
334,128,2023-06-07,Withdrawal,3968.48,Transaction_334
335,26,2021-10-18,Withdrawal,2609.07,Transaction_335
336,90,2018-03-05,Withdrawal,8547.47,Transaction_336
337,285,2022-03-13,Transfer,2506.03,Transaction_337
338,237,2018-07-28,Deposit,1223.32,Transaction_338
339,32,2022-08-28,Deposit,1315.85,Transaction_339
340,206,2020-02-02,Transfer,6306.67,Transaction_340
341,44,2021-04-07,Transfer,2595.62,Transaction_341
342,39,2018-02-14,Deposit,1985.53,Transaction_342
343,228,2022-07-16,Deposit,928.87,Transaction_343
344,170,2018-09-08,Deposit,9423.38,Transaction_344
345,26,2018-12-11,Transfer,4337.23,Transaction_345
346,203,2020-10-13,Deposit,3833.47,Transaction_346
347,219,2018-12-20,Withdrawal,2155.01,Transaction_347
348,96,2019-07-18,Withdrawal,4465.65,Transaction_348
349,77,2018-03-12,Transfer,6195.57,Transaction_349
350,126,2021-08-18,Withdrawal,4993.93,Transaction_350
351,282,2020-09-08,Deposit,886.34,Transaction_351
352,197,2018-10-09,Withdrawal,2002.58,Transaction_352
353,270,2019-05-26,Transfer,9940.93,Transaction_353
354,279,2022-06-16,Deposit,9894.14,Transaction_354
355,184,2020-09-09,Transfer,7816.54,Transaction_355
356,177,2023-02-13,Transfer,5028.91,Transaction_356
357,199,2019-07-08,Deposit,270.37,Transaction_357
358,113,2018-03-02,Withdrawal,595.33,Transaction_358
359,242,2020-12-20,Withdrawal,7670.75,Transaction_359
360,120,2023-06-18,Deposit,1010.34,Transaction_360
361,124,2019-06-30,Transfer,8164.69,Transaction_361
362,29,2022-04-14,Deposit,5761.16,Transaction_362
363,199,2019-12-28,Deposit,1769.24,Transaction_363
364,163,2022-07-10,Transfer,6979.29,Transaction_364
365,15,2021-12-11,Transfer,3523.3,Transaction_365
366,291,2021-02-28,Deposit,5635.46,Transaction_366
367,97,2022-09-10,Withdrawal,5425.82,Transaction_367
368,90,2020-10-01,Deposit,911.67,Transaction_368
369,120,2021-05-17,Deposit,209.08,Transaction_369
370,245,2018-01-02,Withdrawal,9179.78,Transaction_370
371,104,2022-07-10,Deposit,3414.18,Transaction_371
372,91,2023-02-25,Withdrawal,604.96,Transaction_372
373,76,2021-04-16,Transfer,9173.07,Transaction_373
374,57,2022-09-30,Transfer,8608.09,Transaction_374
375,38,2020-02-05,Transfer,9419.81,Transaction_375
376,203,2021-04-15,Deposit,3372.25,Transaction_376
377,166,2018-10-07,Deposit,7326.2,Transaction_377
378,224,2022-06-10,Transfer,9607.01,Transaction_378
379,163,2018-12-23,Transfer,9687.74,Transaction_379
380,183,2019-04-03,Transfer,5893.61,Transaction_380
381,90,2020-02-14,Withdrawal,7342.61,Transaction_381
382,151,2018-09-18,Deposit,7291.02,Transaction_382
383,294,2020-03-12,Transfer,333.5,Transaction_383
384,163,2023-03-02,Transfer,2216.74,Transaction_384
385,290,2018-08-02,Withdrawal,1415.03,Transaction_385
386,40,2019-05-03,Withdrawal,9823.97,Transaction_386
387,86,2021-07-26,Deposit,8218.4,Transaction_387
388,172,2020-07-03,Deposit,2659.47,Transaction_388
389,128,2021-11-20,Deposit,3511.31,Transaction_389
390,56,2022-01-15,Deposit,490.99,Transaction_390
391,225,2022-02-09,Withdrawal,9691.33,Transaction_391
392,212,2020-10-06,Withdrawal,3518.8,Transaction_392
393,193,2018-07-27,Withdrawal,7889.41,Transaction_393
394,296,2021-08-26,Transfer,2263.57,Transaction_394
395,232,2018-05-31,Deposit,2956.14,Transaction_395
396,164,2019-06-19,Deposit,751.26,Transaction_396
397,88,2022-12-24,Withdrawal,1617.44,Transaction_397
398,39,2021-01-25,Deposit,3386.13,Transaction_398
399,248,2021-12-13,Deposit,4318.92,Transaction_399
400,85,2021-05-28,Withdrawal,1579.47,Transaction_400
401,52,2019-11-10,Deposit,9744.24,Transaction_401
402,210,2021-11-28,Transfer,7223.16,Transaction_402
403,277,2019-06-28,Transfer,2822.42,Transaction_403
404,122,2018-07-16,Deposit,3935.09,Transaction_404
405,282,2022-09-17,Withdrawal,1544.36,Transaction_405
406,185,2018-01-08,Withdrawal,885.41,Transaction_406
407,246,2019-02-13,Deposit,267.1,Transaction_407
408,88,2021-07-31,Withdrawal,9770.81,Transaction_408
409,243,2022-09-25,Deposit,3090.45,Transaction_409
410,204,2020-08-22,Withdrawal,8949.83,Transaction_410
411,136,2018-07-06,Transfer,5445.82,Transaction_411
412,95,2020-01-30,Withdrawal,3700.32,Transaction_412
413,229,2018-04-02,Withdrawal,4403.01,Transaction_413
414,135,2019-04-09,Withdrawal,5646.82,Transaction_414
415,78,2022-03-21,Transfer,6678.01,Transaction_415
416,44,2021-09-30,Withdrawal,8083.72,Transaction_416
417,212,2023-06-12,Transfer,2282.85,Transaction_417
418,32,2022-09-18,Withdrawal,8185.87,Transaction_418
419,215,2023-06-01,Transfer,6873.81,Transaction_419
420,244,2021-03-18,Deposit,4767.86,Transaction_420
421,41,2020-03-19,Transfer,356.94,Transaction_421
422,293,2023-01-19,Transfer,8006.5,Transaction_422
423,76,2018-09-04,Withdrawal,1737.06,Transaction_423
424,86,2023-06-14,Deposit,8086.52,Transaction_424
425,65,2018-03-29,Withdrawal,792.9,Transaction_425
426,223,2019-02-18,Transfer,1487.3,Transaction_426
427,133,2019-10-17,Transfer,9142.6,Transaction_427
428,35,2018-06-28,Withdrawal,5568.08,Transaction_428
429,283,2019-10-30,Withdrawal,5201.68,Transaction_429
430,7,2022-05-30,Transfer,6234.35,Transaction_430
431,268,2022-05-20,Withdrawal,1134.06,Transaction_431
432,77,2018-10-31,Transfer,5883.46,Transaction_432
433,52,2023-03-10,Deposit,5631.21,Transaction_433
434,52,2022-05-29,Withdrawal,8676.08,Transaction_434
435,177,2022-12-03,Withdrawal,2648.72,Transaction_435
436,249,2021-03-17,Transfer,4735.74,Transaction_436
437,89,2019-07-19,Withdrawal,1447.09,Transaction_437
438,206,2018-03-21,Withdrawal,8896.85,Transaction_438
439,170,2021-11-15,Deposit,502.42,Transaction_439
440,244,2023-03-01,Withdrawal,8971.34,Transaction_440
441,11,2019-11-23,Withdrawal,3116.38,Transaction_441
442,252,2022-10-24,Transfer,6851.67,Transaction_442
443,117,2018-10-03,Withdrawal,9742.45,Transaction_443
444,227,2022-05-05,Withdrawal,2701.51,Transaction_444
445,214,2021-05-23,Transfer,901.98,Transaction_445
446,227,2019-03-09,Withdrawal,7412.04,Transaction_446
447,265,2022-11-12,Withdrawal,8211.96,Transaction_447
448,264,2022-06-09,Deposit,665.51,Transaction_448
449,260,2020-04-06,Deposit,7807.36,Transaction_449
450,269,2022-12-06,Transfer,299.19,Transaction_450
451,99,2022-11-28,Deposit,8371.4,Transaction_451
452,128,2018-03-09,Withdrawal,515.09,Transaction_452
453,185,2021-12-14,Deposit,2747.04,Transaction_453
454,238,2020-10-31,Withdrawal,6357.74,Transaction_454
455,64,2021-10-27,Deposit,2426.96,Transaction_455
456,251,2021-05-01,Withdrawal,1784.06,Transaction_456
457,243,2021-04-16,Transfer,3504.1,Transaction_457
458,84,2022-09-12,Withdrawal,7492.12,Transaction_458
459,47,2019-08-07,Deposit,3871.79,Transaction_459
460,84,2022-10-15,Transfer,7800.5,Transaction_460
461,110,2022-10-22,Deposit,6477.33,Transaction_461
462,106,2019-07-06,Transfer,4100.98,Transaction_462
463,11,2022-11-06,Transfer,98.89,Transaction_463
464,68,2021-08-18,Deposit,6015.41,Transaction_464
465,5,2019-04-04,Withdrawal,6087.36,Transaction_465
466,157,2021-12-30,Transfer,6430.98,Transaction_466
467,217,2023-01-08,Withdrawal,8517.35,Transaction_467
468,236,2019-06-01,Deposit,4672.31,Transaction_468
469,267,2022-08-16,Transfer,3977.55,Transaction_469
470,53,2018-01-16,Transfer,9994.3,Transaction_470
471,192,2021-02-23,Transfer,5941.79,Transaction_471
472,145,2019-09-04,Transfer,1089.96,Transaction_472
473,33,2019-11-20,Withdrawal,6409.54,Transaction_473
474,142,2019-06-19,Transfer,7113.83,Transaction_474
475,153,2019-01-21,Deposit,5177.76,Transaction_475
476,124,2023-01-17,Deposit,8056.24,Transaction_476
477,207,2021-09-14,Withdrawal,6810.75,Transaction_477
478,14,2021-09-04,Withdrawal,9974.72,Transaction_478
479,133,2023-02-01,Withdrawal,4051.94,Transaction_479
480,19,2021-04-09,Transfer,9947.59,Transaction_480
481,98,2019-12-04,Transfer,7136.56,Transaction_481
482,274,2021-07-31,Withdrawal,9066.2,Transaction_482
483,184,2020-11-04,Withdrawal,8455.74,Transaction_483
484,286,2019-01-06,Withdrawal,985.05,Transaction_484
485,66,2022-02-26,Withdrawal,7254.61,Transaction_485
486,287,2022-04-12,Deposit,9469.76,Transaction_486
487,172,2021-09-02,Deposit,2230.31,Transaction_487
488,115,2022-03-05,Withdrawal,4210.52,Transaction_488
489,170,2020-02-01,Withdrawal,5859.85,Transaction_489
490,238,2022-10-10,Deposit,4710.66,Transaction_490
491,299,2021-04-03,Transfer,721.45,Transaction_491
492,100,2020-10-21,Deposit,8676.3,Transaction_492
493,196,2020-12-21,Withdrawal,4136.94,Transaction_493
494,78,2018-10-09,Deposit,3433.27,Transaction_494
495,292,2023-01-03,Withdrawal,1440.81,Transaction_495
496,93,2022-05-15,Deposit,4880.93,Transaction_496
497,91,2019-10-04,Transfer,589.56,Transaction_497
498,232,2019-07-15,Deposit,7614.32,Transaction_498
499,87,2021-03-26,Deposit,4900.88,Transaction_499
500,46,2018-09-23,Transfer,4342.78,Transaction_500
501,220,2020-04-06,Withdrawal,9653.63,Transaction_501
502,197,2018-01-10,Deposit,5342.49,Transaction_502
503,192,2023-04-30,Deposit,8921.14,Transaction_503
504,272,2019-01-26,Deposit,6770.71,Transaction_504
505,128,2019-04-09,Transfer,8771.08,Transaction_505
506,160,2018-09-22,Deposit,3841.67,Transaction_506
507,157,2018-12-09,Deposit,8240.2,Transaction_507
508,153,2023-04-27,Withdrawal,4564.7,Transaction_508
509,267,2021-05-06,Transfer,3384.97,Transaction_509
510,69,2019-12-03,Withdrawal,3598.92,Transaction_510
511,97,2018-12-04,Withdrawal,201.06,Transaction_511
512,115,2022-01-29,Deposit,2119.79,Transaction_512
513,12,2021-04-22,Transfer,1698.16,Transaction_513
514,188,2021-12-27,Transfer,7923.35,Transaction_514
515,193,2022-12-01,Transfer,2565.33,Transaction_515
516,274,2021-06-30,Deposit,5943.3,Transaction_516
517,25,2021-09-17,Deposit,6539.14,Transaction_517
518,11,2018-04-09,Transfer,1166.74,Transaction_518
519,228,2020-02-18,Deposit,5477.35,Transaction_519
520,243,2021-12-08,Deposit,2062.89,Transaction_520
521,5,2019-09-09,Withdrawal,6620.03,Transaction_521
522,267,2019-07-07,Transfer,6060.29,Transaction_522
523,71,2020-05-07,Deposit,5120.73,Transaction_523
524,61,2019-08-02,Deposit,7849.75,Transaction_524
525,255,2019-02-11,Transfer,2005.5,Transaction_525
526,135,2022-08-30,Transfer,9731.47,Transaction_526
527,184,2021-12-11,Withdrawal,2960.56,Transaction_527
528,21,2021-01-27,Withdrawal,9104.46,Transaction_528
529,247,2019-11-09,Deposit,37.35,Transaction_529
530,46,2023-02-01,Deposit,8353.97,Transaction_530
531,253,2018-11-02,Deposit,7797.47,Transaction_531
532,39,2022-01-21,Transfer,1021.89,Transaction_532
533,132,2021-08-12,Deposit,4572.94,Transaction_533
534,152,2019-06-25,Withdrawal,510.3,Transaction_534
535,90,2022-11-26,Deposit,8523.96,Transaction_535
536,185,2022-06-30,Transfer,3133.94,Transaction_536
537,60,2018-07-14,Deposit,106.63,Transaction_537
538,71,2021-09-20,Transfer,1713.42,Transaction_538
539,184,2023-01-06,Withdrawal,9551.34,Transaction_539
540,138,2022-12-05,Transfer,938.58,Transaction_540
541,176,2019-01-10,Deposit,4013.77,Transaction_541
542,234,2019-07-11,Withdrawal,6902.13,Transaction_542
543,245,2022-06-27,Withdrawal,6491.98,Transaction_543
544,86,2018-08-20,Deposit,6964.74,Transaction_544
545,31,2023-04-15,Deposit,1046.09,Transaction_545
546,248,2022-07-02,Transfer,6787.15,Transaction_546
547,93,2021-06-05,Withdrawal,7793.85,Transaction_547
548,15,2022-11-02,Transfer,8800.7,Transaction_548
549,67,2020-09-16,Withdrawal,1138.25,Transaction_549
550,211,2020-06-21,Deposit,642.73,Transaction_550
551,161,2018-01-26,Transfer,8684.64,Transaction_551
552,269,2022-04-21,Transfer,5770.72,Transaction_552
553,290,2019-04-04,Transfer,8732.7,Transaction_553
554,266,2020-12-07,Transfer,7008.8,Transaction_554
555,49,2020-06-05,Transfer,7269.25,Transaction_555
556,247,2019-12-10,Transfer,6766.19,Transaction_556
557,198,2018-11-01,Transfer,8921.7,Transaction_557
558,28,2018-01-24,Transfer,9344.37,Transaction_558
559,259,2022-10-05,Withdrawal,8520.19,Transaction_559
560,85,2018-06-03,Withdrawal,3213.13,Transaction_560
561,170,2023-06-10,Withdrawal,513.0,Transaction_561
562,115,2021-02-01,Transfer,3792.59,Transaction_562
563,121,2018-06-11,Withdrawal,4447.45,Transaction_563
564,294,2020-07-06,Deposit,8567.33,Transaction_564
565,229,2019-10-10,Deposit,9806.9,Transaction_565
566,10,2018-07-30,Withdrawal,4129.26,Transaction_566
567,286,2021-01-29,Deposit,8260.83,Transaction_567
568,156,2022-12-28,Transfer,5627.7,Transaction_568
569,234,2023-05-01,Withdrawal,3639.79,Transaction_569
570,28,2022-07-31,Deposit,8444.73,Transaction_570
571,170,2021-02-21,Transfer,6003.51,Transaction_571
572,187,2022-01-06,Withdrawal,1149.09,Transaction_572
573,114,2018-01-05,Withdrawal,3557.84,Transaction_573
574,150,2021-01-26,Transfer,3745.16,Transaction_574
575,55,2018-04-04,Deposit,4929.3,Transaction_575
576,210,2018-08-08,Withdrawal,6112.41,Transaction_576
577,97,2018-09-05,Withdrawal,2163.74,Transaction_577
578,98,2022-01-07,Withdrawal,1086.58,Transaction_578
579,213,2018-04-06,Transfer,8376.29,Transaction_579
580,64,2022-05-01,Withdrawal,4579.3,Transaction_580
581,259,2018-10-03,Withdrawal,53.33,Transaction_581
582,25,2021-02-07,Withdrawal,8389.77,Transaction_582
583,248,2023-03-09,Transfer,7813.0,Transaction_583
584,91,2021-11-17,Transfer,1744.77,Transaction_584
585,66,2018-08-01,Withdrawal,6578.64,Transaction_585
586,165,2020-10-29,Withdrawal,4192.46,Transaction_586
587,128,2019-07-15,Withdrawal,9636.3,Transaction_587
588,151,2020-07-16,Deposit,1390.42,Transaction_588
589,263,2019-09-05,Transfer,5482.58,Transaction_589
590,161,2021-12-28,Transfer,9355.77,Transaction_590
591,112,2019-02-16,Deposit,6245.43,Transaction_591
592,149,2021-11-07,Withdrawal,9212.71,Transaction_592
593,68,2021-12-25,Transfer,9752.04,Transaction_593
594,92,2020-10-28,Transfer,6946.18,Transaction_594
595,166,2021-12-25,Deposit,7610.14,Transaction_595
596,288,2020-09-10,Transfer,5710.68,Transaction_596
597,214,2021-10-12,Transfer,8939.72,Transaction_597
598,274,2019-08-09,Withdrawal,8084.96,Transaction_598
599,268,2018-08-07,Deposit,3814.89,Transaction_599
600,28,2021-10-04,Deposit,2007.03,Transaction_600
601,83,2019-08-10,Transfer,2513.1,Transaction_601
602,32,2021-11-15,Withdrawal,2047.97,Transaction_602
603,278,2018-03-08,Withdrawal,8142.12,Transaction_603
604,53,2021-06-15,Transfer,7397.53,Transaction_604
605,115,2022-03-01,Transfer,5617.09,Transaction_605
606,122,2020-11-12,Transfer,2883.51,Transaction_606
607,25,2023-03-13,Withdrawal,3881.67,Transaction_607
608,161,2023-06-02,Transfer,547.48,Transaction_608
609,129,2019-02-20,Transfer,8689.81,Transaction_609
610,227,2022-08-27,Deposit,9115.75,Transaction_610
611,189,2022-03-27,Transfer,5470.69,Transaction_611
612,101,2022-05-09,Transfer,9643.26,Transaction_612
613,151,2020-07-08,Deposit,9834.7,Transaction_613
614,39,2019-01-18,Deposit,7353.44,Transaction_614
615,62,2020-02-12,Deposit,4290.79,Transaction_615
616,285,2019-06-26,Deposit,1617.68,Transaction_616
617,131,2018-01-12,Withdrawal,4668.65,Transaction_617
618,80,2018-03-23,Deposit,9287.0,Transaction_618
619,27,2022-05-04,Transfer,6159.93,Transaction_619
620,155,2020-10-01,Transfer,5506.1,Transaction_620
621,38,2022-05-25,Transfer,3185.41,Transaction_621
622,113,2023-05-14,Deposit,5210.86,Transaction_622
623,259,2018-11-23,Withdrawal,5435.37,Transaction_623
624,207,2018-07-08,Withdrawal,2219.77,Transaction_624
625,110,2021-09-20,Withdrawal,3317.35,Transaction_625
626,151,2019-03-24,Transfer,5309.68,Transaction_626
627,288,2022-08-14,Transfer,97.95,Transaction_627
628,178,2020-07-01,Deposit,9045.92,Transaction_628
629,125,2023-05-18,Deposit,6828.69,Transaction_629
630,165,2020-02-21,Deposit,3864.9,Transaction_630
631,277,2022-01-22,Withdrawal,256.81,Transaction_631
632,265,2022-08-11,Withdrawal,5147.95,Transaction_632
633,261,2020-07-01,Withdrawal,448.08,Transaction_633
634,99,2019-10-19,Transfer,832.63,Transaction_634
635,50,2018-12-09,Transfer,5336.73,Transaction_635
636,34,2019-03-08,Transfer,6298.85,Transaction_636
637,110,2022-11-07,Transfer,4247.85,Transaction_637
638,54,2019-02-26,Transfer,8289.2,Transaction_638
639,223,2021-08-17,Deposit,7471.44,Transaction_639
640,79,2018-02-18,Withdrawal,7171.51,Transaction_640
641,20,2018-06-29,Deposit,552.14,Transaction_641
642,129,2021-02-16,Deposit,5753.87,Transaction_642
643,117,2023-02-09,Withdrawal,4082.25,Transaction_643
644,231,2021-07-14,Withdrawal,4335.92,Transaction_644
645,9,2020-03-08,Transfer,1191.87,Transaction_645
646,4,2021-08-06,Transfer,6187.31,Transaction_646
647,300,2018-04-04,Transfer,8484.03,Transaction_647
648,184,2023-03-16,Transfer,1070.29,Transaction_648
649,155,2021-05-27,Deposit,2822.36,Transaction_649
650,225,2020-02-21,Withdrawal,8223.0,Transaction_650
651,16,2020-08-28,Deposit,5339.34,Transaction_651
652,70,2022-03-10,Withdrawal,7969.74,Transaction_652
653,280,2019-08-28,Transfer,1449.31,Transaction_653
654,192,2023-05-15,Deposit,5539.71,Transaction_654
655,285,2018-10-17,Deposit,427.31,Transaction_655
656,294,2021-05-06,Withdrawal,5376.15,Transaction_656
657,44,2019-09-17,Deposit,7485.48,Transaction_657
658,177,2019-03-10,Withdrawal,9057.22,Transaction_658
659,263,2018-10-19,Deposit,1848.09,Transaction_659
660,130,2019-02-02,Deposit,1821.77,Transaction_660
661,291,2022-10-12,Deposit,8515.36,Transaction_661
662,282,2020-08-02,Transfer,5501.15,Transaction_662
663,149,2021-10-07,Deposit,2514.37,Transaction_663
664,102,2022-01-26,Transfer,4877.03,Transaction_664
665,170,2020-01-02,Deposit,6716.24,Transaction_665
666,121,2018-07-24,Withdrawal,6198.96,Transaction_666
667,100,2019-10-13,Withdrawal,4511.95,Transaction_667
668,157,2021-11-21,Transfer,1532.43,Transaction_668
669,291,2020-01-17,Withdrawal,9587.0,Transaction_669
670,87,2018-01-10,Withdrawal,2469.29,Transaction_670
671,114,2021-12-29,Transfer,6411.98,Transaction_671
672,142,2022-09-17,Withdrawal,1351.72,Transaction_672
673,170,2022-12-03,Withdrawal,4633.86,Transaction_673
674,184,2022-05-06,Withdrawal,4874.84,Transaction_674
675,56,2018-12-26,Transfer,6070.21,Transaction_675
676,144,2022-10-25,Deposit,8914.06,Transaction_676
677,101,2019-06-24,Transfer,8864.49,Transaction_677
678,40,2022-01-29,Deposit,8922.13,Transaction_678
679,260,2021-07-17,Deposit,8128.3,Transaction_679
680,297,2020-04-09,Transfer,2135.48,Transaction_680
681,19,2021-02-03,Withdrawal,5439.26,Transaction_681
682,277,2020-08-24,Transfer,7754.22,Transaction_682
683,188,2020-03-14,Deposit,8915.46,Transaction_683
684,149,2018-10-02,Withdrawal,5016.22,Transaction_684
685,47,2020-03-23,Withdrawal,5026.65,Transaction_685
686,123,2022-10-03,Transfer,6844.77,Transaction_686
687,264,2018-10-15,Withdrawal,1600.63,Transaction_687
688,290,2023-04-27,Transfer,6597.54,Transaction_688
689,75,2022-02-16,Transfer,4840.2,Transaction_689
690,184,2018-03-24,Deposit,7617.11,Transaction_690
691,119,2018-05-09,Withdrawal,3700.66,Transaction_691
692,22,2021-10-01,Deposit,5183.67,Transaction_692
693,185,2020-03-05,Withdrawal,9179.84,Transaction_693
694,24,2018-03-23,Transfer,3247.47,Transaction_694
695,267,2021-07-21,Withdrawal,8350.37,Transaction_695
696,135,2021-03-31,Transfer,5705.9,Transaction_696
697,193,2021-08-31,Withdrawal,3659.31,Transaction_697
698,40,2020-11-24,Withdrawal,3769.52,Transaction_698
699,115,2020-11-23,Withdrawal,3535.45,Transaction_699
700,177,2020-09-24,Withdrawal,8872.85,Transaction_700
701,4,2020-10-24,Deposit,4404.59,Transaction_701
702,118,2018-06-07,Transfer,6438.34,Transaction_702
703,109,2018-11-04,Deposit,1582.0,Transaction_703
704,61,2021-09-15,Deposit,4151.99,Transaction_704
705,170,2022-01-15,Deposit,4820.35,Transaction_705
706,246,2020-09-08,Deposit,5912.0,Transaction_706
707,211,2018-02-15,Deposit,441.01,Transaction_707
708,294,2021-04-28,Deposit,1355.89,Transaction_708
709,263,2018-03-22,Transfer,1477.18,Transaction_709
710,86,2019-06-13,Deposit,5171.24,Transaction_710
711,208,2021-05-12,Transfer,6379.85,Transaction_711
712,146,2023-04-24,Deposit,2173.77,Transaction_712
713,242,2022-11-12,Withdrawal,1713.96,Transaction_713
714,211,2021-05-15,Deposit,7948.21,Transaction_714
715,94,2021-06-30,Transfer,5112.94,Transaction_715
716,86,2022-01-23,Transfer,3433.29,Transaction_716
717,233,2021-05-06,Transfer,697.74,Transaction_717
718,194,2020-02-29,Deposit,1094.62,Transaction_718
719,104,2020-12-06,Transfer,6846.83,Transaction_719
720,77,2021-05-25,Deposit,1782.45,Transaction_720
721,20,2022-12-03,Transfer,5038.26,Transaction_721
722,61,2018-07-10,Withdrawal,6597.33,Transaction_722
723,277,2022-08-22,Deposit,8970.72,Transaction_723
724,221,2020-12-05,Withdrawal,3710.07,Transaction_724
725,23,2021-11-29,Transfer,4295.27,Transaction_725
726,247,2022-06-06,Withdrawal,3511.67,Transaction_726
727,295,2018-07-20,Withdrawal,1347.49,Transaction_727
728,245,2022-04-18,Deposit,9101.75,Transaction_728
729,43,2019-08-04,Transfer,8768.9,Transaction_729
730,210,2019-06-12,Deposit,64.64,Transaction_730
731,4,2021-03-29,Transfer,1187.11,Transaction_731
732,4,2020-02-08,Transfer,2062.13,Transaction_732
733,162,2020-04-17,Withdrawal,1074.77,Transaction_733
734,219,2021-08-27,Transfer,2543.79,Transaction_734
735,275,2020-05-17,Transfer,3662.78,Transaction_735
736,142,2021-10-25,Withdrawal,7552.17,Transaction_736
737,212,2021-02-04,Transfer,4829.85,Transaction_737
738,190,2021-02-19,Transfer,4842.76,Transaction_738
739,158,2021-03-29,Withdrawal,7744.2,Transaction_739
740,204,2022-02-15,Deposit,8551.44,Transaction_740
741,61,2022-03-12,Deposit,4471.48,Transaction_741
742,83,2018-07-25,Deposit,5088.35,Transaction_742
743,174,2022-06-29,Transfer,6144.11,Transaction_743
744,27,2018-11-26,Withdrawal,9646.06,Transaction_744
745,3,2022-07-06,Deposit,8234.32,Transaction_745
746,242,2023-03-12,Transfer,4359.42,Transaction_746
747,33,2019-06-23,Deposit,3714.64,Transaction_747
748,20,2022-01-23,Withdrawal,9307.54,Transaction_748
749,206,2021-06-11,Transfer,5214.85,Transaction_749
750,30,2023-04-21,Deposit,6406.51,Transaction_750
751,225,2018-01-22,Deposit,8507.17,Transaction_751
752,266,2019-08-09,Deposit,345.76,Transaction_752
753,262,2020-11-22,Transfer,2324.39,Transaction_753
754,87,2021-10-12,Deposit,3603.8,Transaction_754
755,1,2023-06-22,Deposit,877.56,Transaction_755
756,142,2022-05-16,Withdrawal,3537.75,Transaction_756
757,203,2020-04-10,Transfer,2011.1,Transaction_757
758,8,2022-02-18,Transfer,695.49,Transaction_758
759,47,2021-01-30,Withdrawal,7264.13,Transaction_759
760,287,2023-02-17,Transfer,3487.47,Transaction_760
761,142,2019-04-09,Transfer,9630.94,Transaction_761
762,233,2023-03-20,Withdrawal,5753.32,Transaction_762
763,134,2018-12-25,Withdrawal,5067.32,Transaction_763
764,287,2018-05-29,Transfer,2949.58,Transaction_764
765,60,2022-07-03,Transfer,9567.53,Transaction_765
766,276,2022-07-24,Transfer,2508.91,Transaction_766
767,227,2023-06-02,Withdrawal,5636.05,Transaction_767
768,125,2022-04-01,Withdrawal,9612.77,Transaction_768
769,235,2021-10-27,Withdrawal,8966.27,Transaction_769
770,15,2020-09-14,Deposit,2585.62,Transaction_770
771,196,2021-07-21,Deposit,6772.36,Transaction_771
772,118,2022-06-27,Withdrawal,4130.14,Transaction_772
773,181,2020-11-23,Transfer,107.13,Transaction_773
774,135,2019-05-24,Withdrawal,939.16,Transaction_774
775,176,2018-06-05,Transfer,9314.65,Transaction_775
776,244,2019-10-05,Withdrawal,2193.48,Transaction_776
777,294,2019-07-06,Deposit,9471.71,Transaction_777
778,98,2020-10-18,Transfer,2004.67,Transaction_778
779,124,2022-11-23,Withdrawal,2075.72,Transaction_779
780,104,2022-09-06,Deposit,8364.98,Transaction_780
781,183,2018-11-16,Deposit,1207.59,Transaction_781
782,41,2021-10-16,Transfer,4931.72,Transaction_782
783,4,2022-04-15,Transfer,9580.35,Transaction_783
784,247,2020-01-31,Transfer,3161.01,Transaction_784
785,295,2022-11-15,Withdrawal,4913.15,Transaction_785
786,262,2019-07-28,Withdrawal,2228.71,Transaction_786
787,296,2018-09-20,Deposit,5262.1,Transaction_787
788,217,2020-09-06,Transfer,335.3,Transaction_788
789,178,2020-03-17,Transfer,7761.28,Transaction_789
790,235,2023-06-23,Deposit,6985.46,Transaction_790
791,236,2019-10-09,Transfer,94.1,Transaction_791
792,108,2020-02-17,Transfer,1016.47,Transaction_792
793,186,2021-06-08,Withdrawal,1879.65,Transaction_793
794,135,2019-05-01,Withdrawal,4718.74,Transaction_794
795,176,2020-01-20,Deposit,4992.71,Transaction_795
796,108,2020-05-08,Transfer,7524.44,Transaction_796
797,187,2022-10-16,Withdrawal,2803.5,Transaction_797
798,93,2021-03-16,Deposit,9792.93,Transaction_798
799,118,2022-07-26,Deposit,7210.95,Transaction_799
800,121,2021-02-11,Withdrawal,8564.52,Transaction_800
801,101,2018-10-26,Transfer,1503.99,Transaction_801
802,5,2018-12-28,Withdrawal,5000.98,Transaction_802
803,265,2020-12-29,Transfer,3164.12,Transaction_803
804,250,2019-09-07,Withdrawal,5625.76,Transaction_804
805,291,2018-04-08,Withdrawal,998.76,Transaction_805
806,84,2018-05-03,Deposit,8140.04,Transaction_806
807,244,2022-09-15,Transfer,972.06,Transaction_807
808,172,2019-06-17,Withdrawal,3609.46,Transaction_808
809,286,2023-03-24,Withdrawal,3447.96,Transaction_809
810,211,2018-09-06,Withdrawal,8675.01,Transaction_810
811,102,2021-03-27,Transfer,6502.16,Transaction_811
812,276,2018-12-24,Withdrawal,3557.54,Transaction_812
813,262,2020-09-25,Transfer,4474.83,Transaction_813
814,41,2020-02-20,Transfer,2872.37,Transaction_814
815,75,2022-11-14,Deposit,6409.4,Transaction_815
816,173,2020-05-13,Transfer,6126.98,Transaction_816
817,208,2022-10-05,Deposit,800.33,Transaction_817
818,176,2019-04-13,Withdrawal,3175.61,Transaction_818
819,150,2021-12-25,Withdrawal,6057.8,Transaction_819
820,203,2019-07-10,Withdrawal,7811.93,Transaction_820
821,186,2022-03-12,Transfer,5214.15,Transaction_821
822,231,2020-04-27,Deposit,1847.02,Transaction_822
823,12,2018-09-14,Transfer,2353.93,Transaction_823
824,129,2023-04-11,Transfer,7009.96,Transaction_824
825,41,2019-03-08,Deposit,3976.49,Transaction_825
826,49,2018-05-11,Withdrawal,5488.85,Transaction_826
827,14,2022-04-28,Withdrawal,5244.59,Transaction_827
828,43,2018-08-01,Withdrawal,6184.84,Transaction_828
829,44,2021-09-03,Withdrawal,3100.61,Transaction_829
830,127,2022-02-19,Withdrawal,4437.17,Transaction_830
831,65,2018-09-26,Transfer,8386.79,Transaction_831
832,15,2018-03-13,Transfer,3574.84,Transaction_832
833,167,2022-11-05,Withdrawal,4677.26,Transaction_833
834,277,2023-03-30,Withdrawal,5489.97,Transaction_834
835,70,2023-06-09,Transfer,5397.48,Transaction_835
836,234,2021-07-16,Transfer,6362.15,Transaction_836
837,289,2020-06-09,Transfer,6401.47,Transaction_837
838,274,2019-09-27,Withdrawal,4821.7,Transaction_838
839,117,2022-07-07,Deposit,4424.18,Transaction_839
840,188,2020-04-24,Withdrawal,1565.62,Transaction_840
841,6,2018-01-01,Transfer,8155.64,Transaction_841
842,70,2019-12-06,Withdrawal,4697.29,Transaction_842
843,5,2021-11-09,Withdrawal,9470.11,Transaction_843
844,245,2019-09-06,Deposit,7661.03,Transaction_844
845,150,2021-05-07,Deposit,7969.71,Transaction_845
846,281,2020-02-05,Deposit,4123.24,Transaction_846
847,288,2020-06-14,Withdrawal,2506.46,Transaction_847
848,200,2022-08-24,Withdrawal,2213.72,Transaction_848
849,41,2020-05-14,Transfer,2403.22,Transaction_849
850,140,2019-08-07,Transfer,7431.84,Transaction_850
851,138,2020-04-25,Deposit,8536.29,Transaction_851
852,94,2018-10-07,Withdrawal,1112.46,Transaction_852
853,234,2021-06-19,Withdrawal,2728.62,Transaction_853
854,252,2019-01-20,Withdrawal,203.76,Transaction_854
855,26,2023-06-09,Transfer,231.09,Transaction_855
856,53,2019-08-01,Withdrawal,1259.14,Transaction_856
857,225,2022-01-29,Deposit,2335.78,Transaction_857
858,78,2018-01-31,Withdrawal,2179.71,Transaction_858
859,216,2019-10-01,Withdrawal,9979.65,Transaction_859
860,238,2021-11-28,Deposit,3309.18,Transaction_860
861,75,2018-04-25,Withdrawal,7758.77,Transaction_861
862,37,2021-01-17,Withdrawal,1824.22,Transaction_862
863,129,2022-08-01,Withdrawal,8284.24,Transaction_863
864,63,2023-06-19,Transfer,2497.13,Transaction_864
865,227,2019-05-22,Transfer,9945.41,Transaction_865
866,102,2020-08-01,Transfer,7712.25,Transaction_866
867,267,2021-09-25,Deposit,4733.53,Transaction_867
868,160,2023-04-02,Withdrawal,1594.53,Transaction_868
869,22,2022-03-06,Transfer,5214.05,Transaction_869
870,130,2020-09-12,Transfer,2995.14,Transaction_870
871,185,2022-12-23,Deposit,8637.94,Transaction_871
872,112,2023-06-17,Deposit,2367.3,Transaction_872
873,223,2019-10-27,Deposit,1681.93,Transaction_873
874,142,2021-04-12,Deposit,3964.12,Transaction_874
875,125,2018-01-19,Deposit,5814.96,Transaction_875
876,244,2021-11-10,Transfer,1558.37,Transaction_876
877,46,2019-05-25,Deposit,5004.19,Transaction_877
878,174,2023-03-22,Transfer,609.92,Transaction_878
879,183,2021-08-13,Deposit,7016.27,Transaction_879
880,55,2018-09-15,Withdrawal,2334.42,Transaction_880
881,286,2022-06-03,Transfer,7569.41,Transaction_881
882,225,2022-02-10,Deposit,223.31,Transaction_882
883,194,2020-01-04,Transfer,1355.97,Transaction_883
884,21,2020-09-20,Transfer,4380.63,Transaction_884
885,151,2021-01-16,Transfer,4906.02,Transaction_885
886,291,2019-01-18,Transfer,3483.17,Transaction_886
887,240,2019-07-18,Transfer,9145.6,Transaction_887
888,284,2018-11-25,Deposit,5316.06,Transaction_888
889,231,2019-08-29,Withdrawal,5420.64,Transaction_889
890,233,2018-01-02,Transfer,5064.52,Transaction_890
891,95,2022-12-14,Deposit,6201.15,Transaction_891
892,187,2022-05-09,Transfer,2395.48,Transaction_892
893,33,2021-09-10,Transfer,8192.31,Transaction_893
894,98,2020-12-09,Transfer,4980.52,Transaction_894
895,283,2018-11-12,Transfer,2838.46,Transaction_895
896,210,2021-08-05,Withdrawal,1113.54,Transaction_896
897,268,2021-09-11,Deposit,447.33,Transaction_897
898,67,2019-01-01,Deposit,2028.77,Transaction_898
899,249,2019-01-28,Deposit,327.85,Transaction_899
900,199,2021-09-09,Withdrawal,5262.96,Transaction_900
901,132,2018-04-11,Withdrawal,2215.02,Transaction_901
902,37,2018-01-27,Deposit,6560.94,Transaction_902
903,41,2020-08-16,Transfer,616.39,Transaction_903
904,286,2022-03-03,Withdrawal,8222.04,Transaction_904
905,30,2022-08-14,Transfer,2665.5,Transaction_905
906,21,2022-02-12,Deposit,8346.22,Transaction_906
907,40,2023-04-19,Deposit,9606.26,Transaction_907
908,50,2018-07-27,Transfer,2317.87,Transaction_908
909,198,2019-01-24,Deposit,5266.66,Transaction_909
910,128,2021-03-13,Transfer,9475.56,Transaction_910
911,286,2022-03-15,Transfer,4157.69,Transaction_911
912,55,2022-04-19,Transfer,5769.87,Transaction_912
913,235,2021-12-09,Transfer,4276.48,Transaction_913
914,54,2018-12-08,Deposit,5504.16,Transaction_914
915,259,2019-11-23,Transfer,1590.18,Transaction_915
916,227,2023-03-27,Withdrawal,9025.82,Transaction_916
917,282,2019-10-27,Withdrawal,4129.31,Transaction_917
918,221,2022-08-19,Transfer,3241.27,Transaction_918
919,124,2021-02-27,Transfer,2147.14,Transaction_919
920,282,2023-03-12,Transfer,2548.35,Transaction_920
921,232,2020-07-05,Withdrawal,11.95,Transaction_921
922,18,2019-08-06,Transfer,172.86,Transaction_922
923,70,2022-12-29,Withdrawal,75.62,Transaction_923
924,114,2019-03-16,Withdrawal,226.8,Transaction_924
925,142,2023-02-26,Transfer,5117.6,Transaction_925
926,293,2023-03-12,Transfer,1555.6,Transaction_926
927,20,2020-07-31,Withdrawal,1569.51,Transaction_927
928,136,2020-01-22,Transfer,2506.07,Transaction_928
929,132,2022-07-20,Withdrawal,928.13,Transaction_929
930,205,2021-03-11,Deposit,7345.32,Transaction_930
931,167,2022-06-12,Withdrawal,1737.3,Transaction_931
932,296,2022-08-06,Deposit,5956.36,Transaction_932
933,154,2018-03-18,Transfer,8085.33,Transaction_933
934,196,2018-06-10,Deposit,9219.5,Transaction_934
935,172,2019-12-14,Withdrawal,4171.05,Transaction_935
936,62,2022-11-17,Deposit,7479.31,Transaction_936
937,6,2021-07-22,Transfer,3831.04,Transaction_937
938,157,2020-12-09,Deposit,3199.97,Transaction_938
939,290,2018-11-03,Withdrawal,5028.99,Transaction_939
940,114,2018-11-10,Deposit,6739.62,Transaction_940
941,202,2023-06-12,Withdrawal,7530.87,Transaction_941
942,295,2020-10-30,Deposit,2228.64,Transaction_942
943,149,2022-05-30,Withdrawal,1488.64,Transaction_943
944,173,2018-06-19,Withdrawal,5718.69,Transaction_944
945,26,2021-01-27,Withdrawal,2632.95,Transaction_945
946,205,2020-10-24,Withdrawal,7740.51,Transaction_946
947,67,2022-04-10,Deposit,4814.42,Transaction_947
948,102,2020-09-26,Withdrawal,6525.96,Transaction_948
949,101,2021-02-23,Transfer,9970.82,Transaction_949
950,269,2019-05-20,Deposit,725.72,Transaction_950
951,221,2019-10-25,Transfer,9242.14,Transaction_951
952,46,2018-08-19,Transfer,4141.68,Transaction_952
953,188,2019-12-15,Deposit,3214.18,Transaction_953
954,13,2022-04-26,Withdrawal,1700.86,Transaction_954
955,180,2021-06-16,Withdrawal,6235.59,Transaction_955
956,226,2018-04-02,Deposit,2004.86,Transaction_956
957,192,2018-11-16,Transfer,8529.11,Transaction_957
958,58,2022-02-23,Deposit,2438.05,Transaction_958
959,76,2022-11-15,Withdrawal,147.2,Transaction_959
960,57,2019-09-17,Withdrawal,4717.19,Transaction_960
961,170,2019-03-05,Transfer,5384.67,Transaction_961
962,105,2021-01-24,Transfer,7506.05,Transaction_962
963,281,2020-09-16,Transfer,7301.94,Transaction_963
964,73,2021-11-24,Transfer,6685.92,Transaction_964
965,193,2021-04-08,Transfer,5272.72,Transaction_965
966,131,2018-12-15,Deposit,2847.3,Transaction_966
967,139,2018-04-19,Withdrawal,6551.03,Transaction_967
968,5,2018-05-17,Withdrawal,6607.12,Transaction_968
969,185,2022-11-06,Deposit,200.59,Transaction_969
970,198,2019-04-19,Withdrawal,5090.32,Transaction_970
971,51,2023-01-26,Withdrawal,4851.77,Transaction_971
972,273,2018-06-30,Deposit,1996.76,Transaction_972
973,235,2021-02-22,Transfer,224.67,Transaction_973
974,127,2023-03-04,Transfer,3056.23,Transaction_974
975,251,2020-03-16,Transfer,1578.48,Transaction_975
976,178,2021-11-02,Withdrawal,3560.23,Transaction_976
977,155,2019-04-29,Transfer,2766.02,Transaction_977
978,32,2021-07-05,Withdrawal,8787.99,Transaction_978
979,16,2023-04-18,Transfer,9491.67,Transaction_979
980,116,2018-11-07,Withdrawal,8972.78,Transaction_980
981,71,2018-06-29,Transfer,3828.25,Transaction_981
982,117,2020-05-04,Deposit,5733.26,Transaction_982
983,219,2023-06-11,Withdrawal,9098.26,Transaction_983
984,169,2020-07-08,Transfer,1326.4,Transaction_984
985,71,2021-04-04,Transfer,6843.65,Transaction_985
986,104,2022-11-02,Deposit,3096.89,Transaction_986
987,269,2023-02-06,Deposit,4306.34,Transaction_987
988,75,2021-09-05,Transfer,9171.95,Transaction_988
989,163,2018-05-19,Transfer,5334.29,Transaction_989
990,61,2019-01-13,Withdrawal,8396.83,Transaction_990
991,75,2022-01-29,Deposit,7656.7,Transaction_991
992,212,2023-05-23,Withdrawal,3040.45,Transaction_992
993,141,2018-11-08,Deposit,1076.65,Transaction_993
994,95,2018-02-23,Transfer,6173.3,Transaction_994
995,291,2021-06-08,Deposit,5967.64,Transaction_995
996,119,2021-11-08,Deposit,3599.02,Transaction_996
997,245,2018-10-02,Transfer,8462.92,Transaction_997
998,241,2021-12-29,Transfer,3745.85,Transaction_998
999,199,2020-10-03,Withdrawal,1383.75,Transaction_999
1000,99,2019-04-09,Deposit,4091.81,Transaction_1000
